VehicleID,ActivityDateTimeEST,UniqueVIN ,Last_Event,Last_EventTime,Latitude_Last,Last_Longitude,Last_Vendor,Reactvation_Event,Reactivatiopn_EventTime,Reactvation_Latitude,Reactivation_Longitude,Reactivation vendor,Final_check,Inactivity(hours),Inactivity(days)
01CE6A57-5AF7-4F66-8987-B7140BD0D131,2018-09-04,1FDSE35P15HA75621,84,2018-09-04 08:18:11,40.8096118,-73.88486479999997,NYC DOE - LOGAN FAMILY,84.0,2018-09-04 08:18:11,40.8096118,-73.88486479999997,NYC DOE - LOGAN FAMILY,0,72.00194444444445,3.0
01F84277-956E-4B9D-9E6E-965890188E3C,2018-09-12,1GDHG31FX21200900,177,2018-09-12 20:34:50,40.6855123,-73.78277259999999,NYC DOE - LOGAN FAMILY,3.0,2018-09-12 06:48:18,40.6652268,-73.79311679999998,NYC DOE - LOGAN FAMILY,0,50.65555555555556,2.0
0451F538-3888-440C-B85E-9B90F0BE337F,2018-09-24,1FDWE35F03HB61671,4,2018-09-24 16:44:34,40.8552478,-73.8400791,NYC DOE - LOGAN FAMILY,3.0,2018-09-24 06:22:06,40.8549558,-73.8405418,NYC DOE - LOGAN FAMILY,0,61.79388888888889,3.0
0451F538-3888-440C-B85E-9B90F0BE337F,2018-09-30,1FDWE35F03HB61671,176,2018-09-28 16:29:41,40.883917333333294,-73.840009,NYC DOE - LOGAN FAMILY,,,,,,1,55.505,2.0
0451F538-3888-440C-B85E-9B90F0BE337F,2018-09-13,1FDWE35F03HB61671,4,2018-09-13 15:19:35,40.8549436,-73.8404735,NYC DOE - LOGAN FAMILY,3.0,2018-09-13 07:11:33,40.8549436,-73.8404735,NYC DOE - LOGAN FAMILY,0,160.47972222222222,7.0
0451F538-3888-440C-B85E-9B90F0BE337F,2018-09-17,1FDWE35F03HB61671,4,2018-09-17 16:29:32,40.8551235,-73.84005529999997,NYC DOE - LOGAN FAMILY,3.0,2018-09-17 06:36:12,40.8144696,-73.90471409999998,NYC DOE - LOGAN FAMILY,0,71.07194444444444,3.0
0A791EAA-48BF-45C9-9A23-FE3F690D3379,2018-09-30,1GDHG31F221167486,177,2018-09-15 17:23:29,40.8164343,-73.8445443,NYC DOE - LOGAN FAMILY,,,,,,1,366.60833333333335,15.0
0A791EAA-48BF-45C9-9A23-FE3F690D3379,2018-09-12,1GDHG31F221167486,4,2018-09-12 07:07:30,40.8164343,-73.8445443,NYC DOE - LOGAN FAMILY,3.0,2018-09-12 06:12:17,40.8164343,-73.8445443,NYC DOE - LOGAN FAMILY,0,65.68083333333334,3.0
0F9AB554-163A-41D2-8E91-E99AF3711849,2018-09-17,1GBJG316991150446,4,2018-09-17 16:01:39,40.8439626,-73.88286059999999,NYC DOE - HOYT,3.0,2018-09-17 04:18:23,40.8145098,-73.9208818,NYC DOE - HOYT,0,60.91138888888889,3.0
0F9AB554-163A-41D2-8E91-E99AF3711849,2018-09-24,1GBJG316991150446,4,2018-09-24 15:53:09,40.8774251,-73.88296,NYC DOE - HOYT,3.0,2018-09-24 04:58:29,40.8144351,-73.9220453,NYC DOE - HOYT,0,61.43361111111111,3.0
0F9AB554-163A-41D2-8E91-E99AF3711849,2018-09-12,1GBJG316991150446,4,2018-09-12 15:34:17,40.84388060000001,-73.8828861,NYC DOE - HOYT,3.0,2018-09-12 04:31:38,40.8144648,-73.92211879999998,NYC DOE - HOYT,0,108.0875,5.0
0F9AB554-163A-41D2-8E91-E99AF3711849,2018-09-30,1GBJG316991150446,4,2018-09-28 15:28:42,40.8774251,-73.882855,NYC DOE - HOYT,,,,,,1,56.521388888888886,2.0
11A11B32-872C-4AB7-9C45-E23F67E48CFE,2018-09-11,4DRBUAAN7BB310310,15,2018-09-11 09:05:00,40.7206275,-73.99241009999999,NYC DOE - BORO/CONSOLIDATED/SNT,3.0,2018-09-11 08:55:48,40.7206275,-73.99241009999999,NYC DOE - BORO/CONSOLIDATED/SNT,0,91.5575,4.0
11A11B32-872C-4AB7-9C45-E23F67E48CFE,2018-09-30,4DRBUAAN7BB310310,177,2018-09-17 19:15:34,40.7262385,-73.7912703,NYC DOE - BORO/CONSOLIDATED/SNT,,,,,,1,316.7402777777778,13.0
12AC59DA-BB5A-449E-897B-DCB6DD5D5A5C,2018-09-30,1GBHG316891171318,177,2018-09-28 08:50:35,40.6740853,-74.00919609999998,NYC DOE - JOFAZ/THIRD AVE/Y&M,,,,,,1,63.156666666666666,3.0
178761D2-8451-4C1F-812D-4B21515D4E56,2018-09-30,1GB3GRBF3H1205403_md2,84,2018-09-18 08:31:09,40.6757078,-73.75593609999999,NYC DOE - TWENTY FIRST AVE,,,,,,1,303.48055555555555,13.0
1B9F8352-5E09-45EE-9213-49A2C4F2BD0A,2018-09-30,1FDSE35P65HB32010,106,2018-09-04 06:41:48,40.639263,-74.1283033,NYC DOE - RELIANT/MV,,,,,,1,641.3030555555556,27.0
1DB56C60-3D89-4A78-AF4B-820968DCFEB0,2018-09-17,4DRBUAAN86B231413,4,2018-09-17 15:38:31,40.8249678,-73.8411228,NYC DOE - BORO/CONSOLIDATED/SNT,3.0,2018-09-17 06:00:21,40.8215238,-73.8455816,NYC DOE - BORO/CONSOLIDATED/SNT,0,62.25138888888889,3.0
1DB56C60-3D89-4A78-AF4B-820968DCFEB0,2018-09-11,4DRBUAAN86B231413,84,2018-09-11 16:24:49,40.8212511,-73.8415435,NYC DOE - BORO/CONSOLIDATED/SNT,84.0,2018-09-11 16:24:49,40.8212511,-73.8415435,NYC DOE - BORO/CONSOLIDATED/SNT,0,96.00722222222223,4.0
30DAF7A6-2D42-470F-898A-2EBD1DE9681A,2018-09-30,1FDSE35P46HA36524,177,2018-09-27 05:42:12,40.8864261,-73.8298023,NYC DOE - RELIANT/MV,,,,,,1,90.29638888888888,4.0
31FA2984-7447-472C-8DD8-8248B3E75EA7,2018-09-11,1FDSE35P95HA06417,84,2018-09-11 15:52:28,40.809938,-73.88467729999998,NYC DOE - LOGAN FAMILY,84.0,2018-09-11 15:52:28,40.809938,-73.88467729999998,NYC DOE - LOGAN FAMILY,0,72.00166666666667,3.0
32D6DF17-58EF-46F8-8180-93F85436D8C7,2018-09-09,1GBHG31K591167031,4,2018-09-09 20:21:35,40.83061729999999,-73.8389345,NYC DOE - TWENTY FIRST AVE,3.0,2018-09-09 20:15:52,40.8305905,-73.8390051,NYC DOE - TWENTY FIRST AVE,0,51.76138888888889,2.0
32D6DF17-58EF-46F8-8180-93F85436D8C7,2018-09-04,1GBHG31K591167031,4,2018-09-04 18:51:51,40.83181,-73.838976,NYC DOE - TWENTY FIRST AVE,3.0,2018-09-04 04:45:25,40.83164779999999,-73.8392085,NYC DOE - TWENTY FIRST AVE,0,62.06138888888889,3.0
391A6F30-4DE2-43C8-8F0A-54F2DC61389F,2018-09-16,4DRBUAAN3JB525696,84,2018-09-16 15:53:30,40.8218143,-73.8413628,NYC DOE - BORO/CONSOLIDATED/SNT,84.0,2018-09-16 15:53:30,40.8218143,-73.8413628,NYC DOE - BORO/CONSOLIDATED/SNT,0,48.00277777777778,2.0
3BDED5A3-AE61-4FE4-AB25-0170F12D8A4C,2018-09-17,1FDSE35P85HA75633,13,2018-09-17 17:20:00,40.7439858,-73.781289,NYC DOE - LOGAN FAMILY,3.0,2018-09-17 06:02:33,40.6653308,-73.9595223,NYC DOE - LOGAN FAMILY,0,60.93361111111111,3.0
499A7C7C-63D6-460E-BAA9-2BEEB7949AA8,2018-09-24,1FDES8PV5HKB48110,13,2018-09-24 17:57:39,40.8595785,-73.7212948,NYC DOE - LOGAN FAMILY,3.0,2018-09-24 05:30:23,40.6532815,-73.9283421,NYC DOE - LOGAN FAMILY,0,59.11888888888889,2.0
4CB4AE73-02C6-4DED-ABEF-E02452B97909,2018-09-21,4DRBUC8N6FB647851   ,84,2018-09-21 10:20:55,40.8863626,-73.8288611,NYC DOE - RELIANT/MV,84.0,2018-09-21 10:20:55,40.8863626,-73.8288611,NYC DOE - RELIANT/MV,0,48.00138888888889,2.0
51E84703-9BD7-4DE1-97EE-307CCA2E18F1,2018-09-16,1FDSE35P66DA43403,84,2018-09-16 17:12:26,40.8098405,-73.8849558,NYC DOE - LOGAN FAMILY,84.0,2018-09-16 17:12:26,40.8098405,-73.8849558,NYC DOE - LOGAN FAMILY,0,48.0025,2.0
51E84703-9BD7-4DE1-97EE-307CCA2E18F1,2018-09-10,1FDSE35P66DA43403,84,2018-09-10 15:14:14,40.809468,-73.8849965,NYC DOE - LOGAN FAMILY,84.0,2018-09-10 15:14:14,40.809468,-73.8849965,NYC DOE - LOGAN FAMILY,0,48.00111111111111,2.0
528F9BD6-51F1-44A0-B5C6-7BDB5361F493,2018-09-16,4DRBUAAN89B669093,84,2018-09-16 17:54:24,40.5466733,-74.2278788,NYC DOE - PIONEER,84.0,2018-09-16 17:54:24,40.5466733,-74.2278788,NYC DOE - PIONEER,0,48.00472222222222,2.0
532AD2B6-1642-45D2-9CA7-7875AA6CCB41,2018-09-04,1FDEE3FL3CDA50832   ,13,2018-09-04 15:25:04,40.90935579999999,-73.82280259999997,NYC DOE - MAR CAN,3.0,2018-09-04 13:13:23,40.9092053,-73.8229793,NYC DOE - MAR CAN,0,52.675555555555555,2.0
564199E7-19BD-4655-8569-2AD6D656E901,2018-09-05,4DRBUAAN9BB310325,22,2018-09-05 17:02:28,40.83636129999999,-73.8408855,NYC DOE - BORO/CONSOLIDATED/SNT,3.0,2018-09-05 05:16:46,40.80370360000001,-73.93965859999999,NYC DOE - BORO/CONSOLIDATED/SNT,0,92.51277777777777,4.0
564199E7-19BD-4655-8569-2AD6D656E901,2018-09-10,4DRBUAAN9BB310325,4,2018-09-10 15:33:12,40.8217161,-73.8413016,NYC DOE - BORO/CONSOLIDATED/SNT,3.0,2018-09-10 14:23:16,40.821588,-73.8415955,NYC DOE - BORO/CONSOLIDATED/SNT,0,69.5975,3.0
59532AF8-B48B-4506-9F85-29ED62D45089,2018-09-24,1FDES8PV6HKA81937,4,2018-09-24 15:49:04,40.74588060000001,-73.84488759999998,NYC DOE - LOGAN FAMILY,3.0,2018-09-24 04:41:33,40.6884541,-73.86509659999999,NYC DOE - LOGAN FAMILY,0,60.25083333333333,3.0
59532AF8-B48B-4506-9F85-29ED62D45089,2018-09-17,1FDES8PV6HKA81937,176,2018-09-17 15:51:31,40.7664841666667,-73.8450963,NYC DOE - LOGAN FAMILY,3.0,2018-09-17 05:57:11,40.6885216,-73.9042018333333,NYC DOE - LOGAN FAMILY,0,62.031666666666666,3.0
59532AF8-B48B-4506-9F85-29ED62D45089,2018-09-10,1FDES8PV6HKA81937,4,2018-09-10 16:14:36,40.6885508,-73.8449145,NYC DOE - LOGAN FAMILY,3.0,2018-09-10 06:36:56,40.6884536,-73.84515959999997,NYC DOE - LOGAN FAMILY,0,62.68527777777778,3.0
59532AF8-B48B-4506-9F85-29ED62D45089,2018-09-30,1FDES8PV6HKA81937,176,2018-09-28 15:50:09,40.766587,-73.8446293,NYC DOE - LOGAN FAMILY,,,,,,1,56.16388888888889,2.0
5B3DEE61-F61F-4016-90F3-7D150263EC33,2018-09-05,1FDEE3FL5DDA85664,12,2018-09-05 15:42:42,40.826534,-73.844099,NYC DOE - GVC,1.0,2018-09-05 06:06:25,40.8151173,-73.84663809999998,NYC DOE - GVC,0,64.4186111111111,3.0
5E91FFC0-18D6-4DA8-8EB2-0067B016463C,2018-09-30,1GDHG31V361153741,176,2018-09-25 10:36:29,40.640404666666704,-74.0785941,NYC DOE - IC BUS,,,,,,1,133.39166666666668,6.0
5FB92BBA-A02E-4C31-9AC0-498D77273535,2018-09-09,1GBJG312571164032,84,2018-09-09 16:29:08,40.7771145,-73.93178329999998,NYC DOE - ALL AMERICAN,84.0,2018-09-09 16:29:08,40.7771145,-73.93178329999998,NYC DOE - ALL AMERICAN,0,48.0025,2.0
64E1192F-2F0C-4D15-A00B-6EC58EFB97E9,2018-09-12,1GDHG31C081165234,106,2018-09-12 16:28:11,40.6837316,-73.9029643,NYC DOE - JOFAZ/THIRD AVE/Y&M,3.0,2018-09-12 08:55:22,40.62887429999999,-73.98597009999997,NYC DOE - JOFAZ/THIRD AVE/Y&M,0,62.73416666666667,3.0
6E30DE8B-8E39-47A4-B4A3-165ECA2CB6EC,2018-09-24,4DRBUAAN2BB309971,106,2018-09-24 12:30:58,40.6140895,-73.9031043,NYC DOE - NEW DAWN,3.0,2018-09-24 08:04:31,40.61346560000001,-73.9043688,NYC DOE - NEW DAWN,0,66.44722222222222,3.0
70D1DFDB-5383-4B6C-9FED-FA8CCC136479,2018-09-10,1GBHG31F011202503,106,2018-09-10 14:39:15,40.6890616,-73.84525759999998,NYC DOE - LOGAN FAMILY,3.0,2018-09-10 07:21:18,40.6887255,-73.8454788,NYC DOE - LOGAN FAMILY,0,119.8275,5.0
7A7291BE-CA31-465F-A934-3F65258AC663,2018-09-16,1GD3G2A69A1110527,84,2018-09-16 18:26:58,40.8159168,-73.8446695,NYC DOE - LOGAN FAMILY,84.0,2018-09-16 18:26:58,40.8159168,-73.8446695,NYC DOE - LOGAN FAMILY,0,48.334722222222226,2.0
7AD2D133-FE64-429F-8164-A4F4385CB935,2018-09-11,1GBHG31F421210749,84,2018-09-11 16:20:44,40.8210976,-73.84183,NYC DOE - BORO/CONSOLIDATED/SNT,84.0,2018-09-11 16:20:44,40.8210976,-73.84183,NYC DOE - BORO/CONSOLIDATED/SNT,0,96.0038888888889,4.0
7AD2D133-FE64-429F-8164-A4F4385CB935,2018-09-30,1GBHG31F421210749,84,2018-09-28 14:58:57,40.85874,-73.8217355,NYC DOE - BORO/CONSOLIDATED/SNT,,,,,,1,57.01722222222222,2.0
7C3007F8-523F-4023-B865-67A43F910CE1,2018-09-30,1GDHG316581232355,177,2018-09-26 13:41:05,40.8553936,-73.8148735,NYC DOE - LOGAN FAMILY,,,,,,1,106.315,4.0
7C3007F8-523F-4023-B865-67A43F910CE1,2018-09-20,1GDHG316581232355,177,2018-09-20 18:46:00,40.81588,-73.84466479999998,NYC DOE - LOGAN FAMILY,3.0,2018-09-20 16:34:50,40.815822,-73.84473829999997,NYC DOE - LOGAN FAMILY,0,52.07138888888889,2.0
7C3007F8-523F-4023-B865-67A43F910CE1,2018-09-24,1GDHG316581232355,106,2018-09-24 17:17:42,40.8159488,-73.84471409999998,NYC DOE - LOGAN FAMILY,3.0,2018-09-24 11:14:38,40.8157946,-73.8447315,NYC DOE - LOGAN FAMILY,0,88.47722222222222,4.0
7C3007F8-523F-4023-B865-67A43F910CE1,2018-09-05,1GDHG316581232355,177,2018-09-05 07:12:17,40.6886443,-73.84617879999998,NYC DOE - LOGAN FAMILY,3.0,2018-09-05 07:09:31,40.688405,-73.84636809999998,NYC DOE - LOGAN FAMILY,0,93.82833333333333,4.0
7E6AAF4C-CB29-404A-BFC1-C6C7F2ABB13A,2018-09-30,1GBHG31K391173314_md2,84,2018-09-18 10:55:56,41.0652828,-73.2856415,NYC DOE - TWENTY FIRST AVE,,,,,,1,301.0675,13.0
7EA3A7B5-0A98-4442-8442-330055558559,2018-09-17,1FDWE35P86HA07271,14,2018-09-17 19:21:25,40.84068900000001,-73.84087530000002,NYC DOE - BORO/CONSOLIDATED/SNT,3.0,2018-09-17 05:45:30,40.7977618,-73.96922550000002,NYC DOE - BORO/CONSOLIDATED/SNT,0,60.48083333333334,3.0
81B984F1-97E3-43A7-8030-E9A2C063FD30,2018-09-16,4DRBUAAN1BB309928,84,2018-09-16 16:15:39,40.6131863,-73.9034108,NYC DOE - NEW DAWN,84.0,2018-09-16 16:15:39,40.6131863,-73.9034108,NYC DOE - NEW DAWN,0,48.003055555555555,2.0
85B781D0-8FCC-4CF0-97A6-0C7F6E488A03,2018-09-09,NMOKS9CN1DT171596,84,2018-09-09 14:00:58,40.8350838,-73.87925030000002,NYC DOE - THOMAS/CHILDREN/FIRST,84.0,2018-09-09 14:00:58,40.8350838,-73.87925030000002,NYC DOE - THOMAS/CHILDREN/FIRST,0,48.95194444444444,2.0
8951893E-2FC0-4BC8-A906-5514613C609B,2018-09-30,1GDHG31F821203195   ,177,2018-09-25 23:07:51,40.8883796,-73.8254146,NYC DOE - RELIANT/MV,,,,,,1,120.86888888888889,5.0
8A5CD21F-C8E1-4395-9FE2-2A9180FAE8C5,2018-09-30,1GB3G3BG1C1137021,177,2018-09-19 23:15:29,40.6740523,-74.0091378,NYC DOE - JOFAZ/THIRD AVE/Y&M,,,,,,1,264.7416666666667,11.0
8B1632B0-6A02-4B6B-8A46-F43A45403809,2018-09-10,4DRBUAANXCB440356,84,2018-09-10 12:59:21,40.8217031,-73.8412683,NYC DOE - BORO/CONSOLIDATED/SNT,84.0,2018-09-10 12:59:21,40.8217031,-73.8412683,NYC DOE - BORO/CONSOLIDATED/SNT,0,48.00361111111111,2.0
9805F697-0C96-4FBE-A8B2-A75A74AAF471,2018-09-24,1BAKFCKA39F258306,13,2018-09-24 12:45:12,40.8214698,-73.841691,NYC DOE - BORO/CONSOLIDATED/SNT,12.0,2018-09-24 06:41:54,40.807871,-73.9257958,NYC DOE - BORO/CONSOLIDATED/SNT,0,72.7063888888889,3.0
9805F697-0C96-4FBE-A8B2-A75A74AAF471,2018-09-26,1BAKFCKA39F258306,4,2018-09-26 23:25:31,40.8486653,-73.8403988,NYC DOE - BORO/CONSOLIDATED/SNT,3.0,2018-09-26 14:56:13,40.82145429999999,-73.9361083,NYC DOE - BORO/CONSOLIDATED/SNT,0,50.18361111111111,2.0
9805F697-0C96-4FBE-A8B2-A75A74AAF471,2018-09-21,1BAKFCKA39F258306,23,2018-09-21 05:59:31,40.825886,-73.84407209999998,NYC DOE - BORO/CONSOLIDATED/SNT,22.0,2018-09-21 05:55:22,40.82545379999999,-73.844234,NYC DOE - BORO/CONSOLIDATED/SNT,0,65.39444444444445,3.0
9805F697-0C96-4FBE-A8B2-A75A74AAF471,2018-09-13,1BAKFCKA39F258306,4,2018-09-13 09:51:30,40.8253538,-73.8440936,NYC DOE - BORO/CONSOLIDATED/SNT,3.0,2018-09-13 09:19:26,40.8253476,-73.8444243,NYC DOE - BORO/CONSOLIDATED/SNT,0,85.39527777777778,4.0
9805F697-0C96-4FBE-A8B2-A75A74AAF471,2018-09-15,1BAKFCKA39F258306,4,2018-09-15 19:25:12,40.8214573,-73.84120759999998,NYC DOE - BORO/CONSOLIDATED/SNT,4.0,2018-09-15 19:25:12,40.8214573,-73.84120759999998,NYC DOE - BORO/CONSOLIDATED/SNT,0,57.56166666666667,2.0
9805F697-0C96-4FBE-A8B2-A75A74AAF471,2018-09-30,1BAKFCKA39F258306,84,2018-09-28 05:24:27,40.8538611,-73.8403988,NYC DOE - BORO/CONSOLIDATED/SNT,,,,,,1,66.59222222222222,3.0
9FADD15C-B8D4-4890-979B-92A8A3B53C14,2018-09-23,1GB3GRBF3H1336105,84,2018-09-23 18:10:46,40.6586715,-73.87380279999998,NYC DOE - LEESEL SELBY BUS,84.0,2018-09-23 18:10:46,40.6586715,-73.87380279999998,NYC DOE - LEESEL SELBY BUS,0,48.00194444444445,2.0
A04348B5-5CE9-4533-91A1-E3285240CEA2,2018-09-10,1GDHG31U751254383   ,84,2018-09-10 08:51:06,40.7019141,-73.7770278,NYC DOE - RELIANT/MV,84.0,2018-09-10 08:51:06,40.7019141,-73.7770278,NYC DOE - RELIANT/MV,0,48.00694444444444,2.0
A04348B5-5CE9-4533-91A1-E3285240CEA2,2018-09-30,1GDHG31U751254383   ,177,2018-09-19 15:32:50,40.758081,-73.776823,NYC DOE - RELIANT/MV,,,,,,1,272.4525,11.0
A3A179AE-872E-4759-AF08-B42863185D38,2018-09-09,4DRBUC8N6FB661085,84,2018-09-09 14:47:22,40.8258471,-73.842711,NYC DOE - RELIANT/MV,84.0,2018-09-09 14:47:22,40.8258471,-73.842711,NYC DOE - RELIANT/MV,0,48.00333333333333,2.0
A4549DC0-ECDD-455B-B9E8-A98C637B288D,2018-09-24,1GB3GSBG9H1227082,13,2018-09-24 17:23:14,40.9288486,-73.8576255,NYC DOE - PRIDE,3.0,2018-09-24 04:37:07,40.6541126,-73.92157809999998,NYC DOE - PRIDE,0,57.56333333333333,2.0
A4549DC0-ECDD-455B-B9E8-A98C637B288D,2018-09-17,1GB3GSBG9H1227082,4,2018-09-17 18:58:42,41.120757,-73.88682159999998,NYC DOE - PRIDE,3.0,2018-09-17 04:13:08,40.6529331,-73.93682199999998,NYC DOE - PRIDE,0,57.894444444444446,2.0
A4549DC0-ECDD-455B-B9E8-A98C637B288D,2018-09-12,1GB3GSBG9H1227082,13,2018-09-12 20:57:59,41.1207481,-73.8868113,NYC DOE - PRIDE,3.0,2018-09-12 04:26:54,40.6529563,-73.9367105,NYC DOE - PRIDE,0,106.1775,4.0
A4549DC0-ECDD-455B-B9E8-A98C637B288D,2018-09-04,1GB3GSBG9H1227082,4,2018-09-04 11:34:14,40.6573965,-73.8926556,NYC DOE - PRIDE,3.0,2018-09-04 04:33:55,40.65487279999999,-73.8931833,NYC DOE - PRIDE,0,66.42722222222223,3.0
B4A1A1F9-D04C-4670-A6B7-C7DD1CAE0241,2018-09-13,1FDXE45P35HA40459,177,2018-09-13 16:31:33,40.8226778,-73.88105959999999,NYC DOE - DON THOMAS,3.0,2018-09-13 06:58:47,40.8223181,-73.881896,NYC DOE - DON THOMAS,0,224.4013888888889,9.0
B4A1A1F9-D04C-4670-A6B7-C7DD1CAE0241,2018-09-24,1FDXE45P35HA40459,84,2018-09-24 13:05:49,40.8226516,-73.8813788,NYC DOE - DON THOMAS,84.0,2018-09-24 13:05:49,40.8226516,-73.8813788,NYC DOE - DON THOMAS,0,48.001666666666665,2.0
B66C3C33-4DE2-4651-98EB-5A5218ED7FD5,2018-09-30,1FDSE35P35HA75703,177,2018-09-07 12:07:58,40.8861435,-73.829526,NYC DOE - RELIANT/MV,,,,,,1,563.8669444444445,23.0
B71790E9-99F6-4482-A7F2-3547C8B73054,2018-09-30,1GBHG31K281108422_md2,84,2018-09-17 12:17:38,40.782034,-73.8714085,NYC DOE - TWENTY FIRST AVE,,,,,,1,323.7058333333333,13.0
C426FDB7-97B3-4C9B-B64B-80FA2C3DF336,2018-09-30,1FDWE35P94HA89542,106,2018-09-20 08:48:19,40.688696500000006,-73.84625859999998,NYC DOE - LOGAN FAMILY,,,,,,1,255.19444444444446,11.0
C6AEA02B-8448-4CAA-80A5-C7083A89C8D5,2018-09-12,1FDFE4FS4FDA32815,106,2018-09-12 15:33:24,40.6732706,-73.8978793,NYC DOE - BORO/CONSOLIDATED/SNT,3.0,2018-09-12 10:09:23,40.6731731,-73.89798449999998,NYC DOE - BORO/CONSOLIDATED/SNT,0,119.87444444444445,5.0
CA93DC05-88DA-4CDD-A1E4-54BB6D5CB4E2,2018-09-05,4DRBUC8N5FB647873   ,177,2018-09-05 07:01:37,40.70114210000001,-73.7772686,NYC DOE - RELIANT/MV,3.0,2018-09-05 06:55:54,40.7010323,-73.777371,NYC DOE - RELIANT/MV,0,100.14277777777778,4.0
CA93DC05-88DA-4CDD-A1E4-54BB6D5CB4E2,2018-09-30,4DRBUC8N5FB647873   ,177,2018-09-05 07:01:37,40.70114210000001,-73.7772686,NYC DOE - RELIANT/MV,,,,,,1,616.9727777777778,26.0
D66F8202-B421-4371-A17F-C959E18E0A82,2018-09-09,1FDEE3FL9DDB07147,84,2018-09-09 17:51:14,40.696088,-73.9781368,NYC DOE - DON THOMAS,84.0,2018-09-09 17:51:14,40.696088,-73.9781368,NYC DOE - DON THOMAS,0,48.01111111111111,2.0
D8B62D42-DF99-46A7-91A6-F45E30FD1369,2018-09-30,1FDSE35P16DA62330,14,2018-09-28 16:46:20,40.8764526,-73.84258009999998,NYC DOE - PIONEER,,,,,,1,55.2275,2.0
D8B62D42-DF99-46A7-91A6-F45E30FD1369,2018-09-24,1FDSE35P16DA62330,14,2018-09-24 17:26:29,40.8553271,-73.8431586,NYC DOE - PIONEER,3.0,2018-09-24 05:38:43,40.76344,-73.9805303,NYC DOE - PIONEER,0,62.33444444444444,3.0
D8B62D42-DF99-46A7-91A6-F45E30FD1369,2018-09-11,1FDSE35P16DA62330,4,2018-09-11 06:19:39,40.82279550000001,-73.8430041,NYC DOE - PIONEER,3.0,2018-09-11 06:17:50,40.8227195,-73.8431588,NYC DOE - PIONEER,0,71.81861111111111,3.0
DB5D95E8-595B-47D4-BC39-D519B2013CC8,2018-09-21,1GB3G3BG5C1162732,84,2018-09-21 11:41:21,40.6541956,-73.89236009999998,NYC DOE - LEESEL SELBY BUS,84.0,2018-09-21 11:41:21,40.6541956,-73.89236009999998,NYC DOE - LEESEL SELBY BUS,0,48.00138888888889,2.0
DD052B8C-CA06-468B-A965-E7F1C156473E,2018-09-12,1GDHG316X81234568,106,2018-09-12 17:52:54,40.8430021,-73.88465409999998,NYC DOE - LOGAN FAMILY,3.0,2018-09-12 06:15:32,40.8096028,-73.89089200000002,NYC DOE - LOGAN FAMILY,0,167.3386111111111,7.0
DD8626AC-C95B-4913-9DAB-AEFCC79658A5,2018-09-10,1GB6G2A66A1133446,4,2018-09-10 16:10:29,40.8318593,-73.83904749999998,NYC DOE - PRIDE,3.0,2018-09-10 05:44:46,40.8314321,-73.83911429999998,NYC DOE - PRIDE,0,58.19611111111111,2.0
DD8626AC-C95B-4913-9DAB-AEFCC79658A5,2018-09-30,1GB6G2A66A1133446,13,2018-09-28 18:00:36,40.8655073,-73.828535,NYC DOE - PRIDE,,,,,,1,53.98972222222222,2.0
DF7B2C06-B46B-4EE7-8272-9C92D42E169C,2018-09-24,4DRBUAAN0BB310309,4,2018-09-24 16:14:21,40.9174913,-73.8405181,NYC DOE - BORO/CONSOLIDATED/SNT,3.0,2018-09-24 05:21:39,40.81468579999999,-73.9073735,NYC DOE - BORO/CONSOLIDATED/SNT,0,60.95777777777778,3.0
DF7B2C06-B46B-4EE7-8272-9C92D42E169C,2018-09-17,4DRBUAAN0BB310309,106,2018-09-17 17:13:45,40.9174461,-73.8405126,NYC DOE - BORO/CONSOLIDATED/SNT,3.0,2018-09-17 05:11:51,40.8141516,-73.9354728,NYC DOE - BORO/CONSOLIDATED/SNT,0,59.92944444444444,2.0
E28B87C5-7FA3-4DA9-8600-2A9670952268,2018-09-10,1GB6G5BG9E1121578,106,2018-09-10 17:33:40,40.7968606,-73.8120463,NYC DOE - MUTUAL,3.0,2018-09-10 12:52:00,40.7962898,-73.81259200000002,NYC DOE - MUTUAL,0,81.48583333333333,3.0
E2BF604F-DC49-405C-B97D-4421BF3F3442,2018-09-17,4DRBUAAN1BB310318,23,2018-09-17 16:55:06,40.9168031,-73.8408936,NYC DOE - BORO/CONSOLIDATED/SNT,3.0,2018-09-17 06:10:13,40.8212583,-73.9090816,NYC DOE - BORO/CONSOLIDATED/SNT,0,62.07555555555555,3.0
E7703274-9C70-46EA-8AE2-3EA81176B40F,2018-09-30,4DRBUC8N2FB647863,106,2018-09-05 07:16:01,40.7009828,-73.77702959999998,NYC DOE - RELIANT/MV,,,,,,1,616.7327777777778,26.0
E864D898-70DC-4D87-88B4-8CBF7A37CD68,2018-09-10,1FDEE3FL2FDA25019,4,2018-09-10 15:30:56,40.8152966,-73.8444503,NYC DOE - GVC,3.0,2018-09-10 06:33:45,40.8151328,-73.8445993,NYC DOE - GVC,0,61.70305555555556,3.0
E864D898-70DC-4D87-88B4-8CBF7A37CD68,2018-09-24,1FDEE3FL2FDA25019,4,2018-09-24 17:28:04,40.8258465,-73.84469229999998,NYC DOE - GVC,1.0,2018-09-24 06:04:54,40.8146716,-73.846558,NYC DOE - GVC,0,61.38305555555556,3.0
E864D898-70DC-4D87-88B4-8CBF7A37CD68,2018-09-17,1FDEE3FL2FDA25019,4,2018-09-17 16:36:53,40.8265131,-73.84414759999999,NYC DOE - GVC,1.0,2018-09-17 06:05:45,40.8147218,-73.8466533,NYC DOE - GVC,0,60.570277777777775,3.0
EAD259CE-56ED-42EE-B4EB-7E9504764BC6,2018-09-28,4DRAPAFK38A633057,177,2018-09-28 06:54:25,40.61284910000001,-73.9030538,NYC DOE - ALL AMERICAN,1.0,2018-09-28 06:47:21,40.61263510000001,-73.90309029999997,NYC DOE - ALL AMERICAN,0,164.88472222222222,7.0
EAD259CE-56ED-42EE-B4EB-7E9504764BC6,2018-09-30,4DRAPAFK38A633057,177,2018-09-28 06:54:25,40.61284910000001,-73.9025911,NYC DOE - ALL AMERICAN,,,,,,1,65.09277777777778,3.0
ECC6DD72-420B-41F9-B214-3DB6AC42BB0F,2018-09-30,1GB6G5BG9D1187739,176,2018-09-07 08:17:04,40.7283988,-73.89818829999999,NYC DOE - RELIANT/MV,,,,,,1,567.7152777777778,24.0
F1F5A38D-378E-431B-9AF3-5016D8AC1D8B,2018-09-24,1GBHG31C181223778,106,2018-09-24 16:36:19,40.8231735,-73.84314309999998,NYC DOE - PIONEER,3.0,2018-09-24 05:29:49,40.8230213,-73.84331230000002,NYC DOE - PIONEER,0,60.67666666666667,3.0
F1F5A38D-378E-431B-9AF3-5016D8AC1D8B,2018-09-30,1GBHG31C181223778,177,2018-09-28 17:40:45,40.8881566,-73.7692818,NYC DOE - PIONEER,,,,,,1,54.32055555555556,2.0
F6B4039E-A180-448E-A6D2-5C17FE167FF8,2018-09-16,4DRBUAAN36A164032,84,2018-09-16 16:31:20,40.8227413,-73.84404980000002,NYC DOE - PIONEER,84.0,2018-09-16 16:31:20,40.8227413,-73.84404980000002,NYC DOE - PIONEER,0,48.00333333333333,2.0
F6B4039E-A180-448E-A6D2-5C17FE167FF8,2018-09-30,4DRBUAAN36A164032,176,2018-09-28 16:46:07,40.8696396666667,-73.84215079999998,NYC DOE - PIONEER,,,,,,1,55.23111111111111,2.0
F8726F94-49A5-4936-9DB0-7CDF78B925F6,2018-09-24,1GBJG312271169852,4,2018-09-24 23:07:21,40.6554561,-73.8916468,NYC DOE - LEESEL SELBY BUS,3.0,2018-09-24 04:15:34,40.6542488,-73.8924823,NYC DOE - LEESEL SELBY BUS,0,57.91305555555556,2.0
F8726F94-49A5-4936-9DB0-7CDF78B925F6,2018-09-17,1GBJG312271169852,4,2018-09-17 17:02:08,40.7765423,-73.871012,NYC DOE - LEESEL SELBY BUS,3.0,2018-09-17 04:09:12,40.6013736,-73.9916183,NYC DOE - LEESEL SELBY BUS,0,53.605555555555554,2.0
F8726F94-49A5-4936-9DB0-7CDF78B925F6,2018-09-12,1GBJG312271169852,14,2018-09-12 17:11:28,40.7766513,-73.873432,NYC DOE - LEESEL SELBY BUS,3.0,2018-09-12 04:17:51,40.6013521,-73.99260500000003,NYC DOE - LEESEL SELBY BUS,0,107.405,4.0
F8726F94-49A5-4936-9DB0-7CDF78B925F6,2018-09-30,1GBJG312271169852,106,2018-09-26 07:44:25,40.813588,-73.870968,NYC DOE - LEESEL SELBY BUS,,,,,,1,112.25944444444444,5.0
FBC2DD62-E37C-4BD7-8914-938FF41C2655,2018-09-30,1FDSE35P76DA43409,176,2018-09-28 07:30:32,40.8725325,-73.72878483333331,NYC DOE - LOGAN FAMILY,,,,,,1,64.49083333333333,3.0
FDEE8838-0D87-475F-A06F-90FA2C2AB07E,2018-09-30,4DRBUAANX5A983439,177,2018-09-20 14:16:41,40.6130283,-73.90314359999998,NYC DOE - NEW DAWN,,,,,,1,249.72166666666666,10.0
